run_id,gt,domain,search_correct,plan_correct,write_correct,n_queries,n_unique_queries,query_unique_ratio,mean_query_chars,unique_query_tokens,query_token_count,query_ttr,query_entropy,brief_entropy,generic_hit_rate,n_urls,n_unique_hosts,url_cat_entropy,url_retail_books_frac,url_academic_frac,url_course_frac,url_other_frac,ret_identity_brief,ret_identity_query,drop_identity,n_identity_tokens,ret_decision_style_brief,ret_decision_style_query,drop_decision_style,n_decision_style_tokens,ret_interests_brief,ret_interests_query,drop_interests,n_interests_tokens,ret_goals_constraints_brief,ret_goals_constraints_query,drop_goals_constraints,n_goals_constraints_tokens,plan_strong_count,plan_hedge_count,plan_cand_mentions,plan_certainty_score,plan_has_strong,plan_has_hedge,search_strong_count,search_hedge_count,search_cand_mentions,search_certainty_score,search_has_strong,search_has_hedge,compress_strong_count,compress_hedge_count,compress_cand_mentions,compress_certainty_score,compress_has_strong,compress_has_hedge,compress_correct,write_strong_count,write_hedge_count,write_cand_mentions,write_certainty_score,write_has_strong,write_has_hedge
pilot_task12_User2_seed0,User2,Health,1.0,1.0,1.0,22,22,1.0,60.40909090909091,91.0,170.0,0.5352941176470588,6.189406545234178,6.46090429524749,0.5909090909090909,15,15,1.0670362257795307,0.06666666666666667,0.0,0.0,0.8,0.04950495049504951,0.0,0.04950495049504951,101.0,0.1346153846153846,0.038461538461538464,0.09615384615384615,52.0,0.07883817427385892,0.03319502074688797,0.04564315352697095,241.0,0.06451612903225806,0.010752688172043012,0.05376344086021505,93.0,0.0,0.0,2.0,0.0,0.0,0.0,0.0,0.0,3.0,0.0,0.0,0.0,0.0,0.0,1.0,0.5,0.0,0.0,1.0,0.0,0.0,1.0,0.5,0.0,0.0
pilot_task12_User2_seed1,User2,Health,1.0,1.0,1.0,39,39,1.0,66.58974358974359,123.0,324.0,0.37962962962962965,6.648462548897696,6.571052963577786,0.28205128205128205,15,13,0.7219280948873623,0.2,0.0,0.0,0.8,0.0594059405940594,0.0594059405940594,0.0,101.0,0.17307692307692307,0.09615384615384616,0.07692307692307691,52.0,0.0995850622406639,0.058091286307053944,0.04149377593360995,241.0,0.043010752688172046,0.043010752688172046,0.0,93.0,1.0,0.0,1.0,1.5,1.0,0.0,1.0,0.0,1.0,1.5,1.0,0.0,0.0,0.0,1.0,0.5,0.0,0.0,1.0,0.0,0.0,1.0,0.5,0.0,0.0
pilot_task12_User5_seed0,User5,Health,0.0,1.0,1.0,29,29,1.0,47.241379310344826,75.0,143.0,0.5244755244755245,5.757294937965183,6.59509435698947,0.8620689655172413,15,13,1.9305097158598201,0.26666666666666666,0.13333333333333333,0.26666666666666666,0.3333333333333333,0.11206896551724138,0.034482758620689655,0.07758620689655173,116.0,0.09090909090909091,0.03636363636363636,0.05454545454545455,55.0,0.09803921568627451,0.027450980392156862,0.07058823529411765,255.0,0.08620689655172414,0.04310344827586207,0.04310344827586207,116.0,2.0,0.0,2.0,2.0,1.0,0.0,1.0,0.0,1.0,1.5,1.0,0.0,0.0,0.0,2.0,0.0,0.0,0.0,0.0,0.0,0.0,2.0,0.0,0.0,0.0
pilot_task12_User5_seed1,User5,Health,0.0,1.0,1.0,22,22,1.0,64.36363636363636,82.0,163.0,0.5030674846625767,6.062741091071631,6.668521659182301,0.5,15,12,1.6909773621955713,0.13333333333333333,0.3333333333333333,0.0,0.4666666666666667,0.08620689655172414,0.05172413793103448,0.03448275862068966,116.0,0.12727272727272726,0.01818181818181818,0.10909090909090907,55.0,0.09803921568627451,0.047058823529411764,0.050980392156862744,255.0,0.1206896551724138,0.017241379310344827,0.10344827586206898,116.0,0.0,1.0,1.0,0.0,0.0,1.0,0.0,0.0,2.0,0.0,0.0,0.0,0.0,0.0,3.0,0.0,0.0,0.0,1.0,0.0,0.0,2.0,0.0,0.0,0.0
pilot_task12_User9_seed0,User9,Health,1.0,1.0,1.0,30,30,1.0,64.36666666666666,96.0,242.0,0.39669421487603307,6.299248154584298,6.828125,0.43333333333333335,15,10,1.8233710281729483,0.2,0.2,0.0,0.4666666666666667,0.10526315789473684,0.039473684210526314,0.06578947368421052,76.0,0.0,0.0,0.0,0.0,0.09876543209876543,0.012345679012345678,0.08641975308641975,81.0,0.13725490196078433,0.029411764705882353,0.10784313725490197,102.0,0.0,0.0,1.0,0.5,0.0,0.0,0.0,0.0,1.0,0.5,0.0,0.0,0.0,0.0,1.0,0.5,0.0,0.0,0.0,0.0,0.0,1.0,0.5,0.0,0.0
pilot_task12_User9_seed1,User9,Health,1.0,1.0,1.0,23,23,1.0,40.0,61.0,85.0,0.7176470588235294,5.835804024347543,6.540604809312372,0.0,15,11,1.2341336498322026,0.0,0.0,0.0,0.6666666666666666,0.19736842105263158,0.05263157894736842,0.14473684210526316,76.0,0.0,0.0,0.0,0.0,0.07407407407407407,0.0,0.07407407407407407,81.0,0.11764705882352941,0.0196078431372549,0.09803921568627451,102.0,1.0,0.0,2.0,1.0,1.0,0.0,0.0,0.0,2.0,0.0,0.0,0.0,0.0,0.0,1.0,0.5,0.0,0.0,1.0,0.0,0.0,1.0,0.5,0.0,0.0
pilot_task14_User14_seed0,User14,Health,0.0,1.0,1.0,8,8,1.0,69.375,51.0,76.0,0.6710526315789473,5.461421756722305,6.704267158188109,0.0,12,10,1.2581945286608809,0.16666666666666666,0.0,0.0,0.6666666666666666,0.06666666666666667,0.009523809523809525,0.05714285714285714,105.0,0.0,0.0,0.0,0.0,0.06542056074766354,0.037383177570093455,0.02803738317757009,107.0,0.04201680672268908,0.03361344537815126,0.00840336134453782,119.0,0.0,1.0,2.0,-0.5,0.0,1.0,1.0,0.0,1.0,1.5,1.0,0.0,1.0,0.0,3.0,1.0,1.0,0.0,1.0,1.0,0.0,1.0,1.5,1.0,0.0
pilot_task14_User14_seed1,User14,Health,0.0,1.0,1.0,4,4,1.0,58.5,24.0,31.0,0.7741935483870968,4.47823219741386,6.387909386385515,0.0,12,9,1.4047077491554594,0.08333333333333333,0.08333333333333333,0.0,0.6666666666666666,0.05714285714285714,0.009523809523809525,0.047619047619047616,105.0,0.0,0.0,0.0,0.0,0.056074766355140186,0.009345794392523364,0.04672897196261682,107.0,0.03361344537815126,0.008403361344537815,0.025210084033613446,119.0,0.0,0.0,1.0,0.5,0.0,0.0,0.0,0.0,1.0,0.5,0.0,0.0,0.0,0.0,1.0,0.5,0.0,0.0,0.0,0.0,0.0,1.0,0.5,0.0,0.0
pilot_task14_User22_seed0,User22,Health,1.0,1.0,1.0,15,15,1.0,75.93333333333334,79.0,156.0,0.5064102564102564,5.919436354195783,6.648142497361183,0.13333333333333333,15,9,1.8695858774323502,0.2,0.06666666666666667,0.0,0.5333333333333333,0.05737704918032787,0.0,0.05737704918032787,122.0,0.014705882352941176,0.014705882352941176,0.0,68.0,0.055299539170506916,0.02304147465437788,0.03225806451612903,217.0,0.061946902654867256,0.05309734513274336,0.008849557522123894,113.0,0.0,0.0,1.0,0.5,0.0,0.0,1.0,0.0,1.0,1.5,1.0,0.0,0.0,0.0,3.0,0.0,0.0,0.0,1.0,1.0,0.0,1.0,1.5,1.0,0.0
pilot_task14_User22_seed1,User22,Health,1.0,1.0,1.0,27,27,1.0,60.55555555555556,103.0,219.0,0.4703196347031963,6.198884321016809,7.0125688299917,0.037037037037037035,15,14,1.4061012786344267,0.06666666666666667,0.06666666666666667,0.0,0.7333333333333333,0.07377049180327869,0.01639344262295082,0.05737704918032786,122.0,0.058823529411764705,0.014705882352941176,0.044117647058823525,68.0,0.07834101382488479,0.02304147465437788,0.05529953917050691,217.0,0.10619469026548672,0.061946902654867256,0.04424778761061947,113.0,0.0,1.0,1.0,0.0,0.0,1.0,0.0,0.0,1.0,0.5,0.0,0.0,0.0,0.0,1.0,0.5,0.0,0.0,1.0,0.0,0.0,1.0,0.5,0.0,0.0
pilot_task14_User3_seed0,User3,Health,1.0,1.0,1.0,6,6,1.0,59.166666666666664,37.0,47.0,0.7872340425531915,5.096934064351532,6.763795983980126,0.0,12,8,2.0432501417514066,0.08333333333333333,0.08333333333333333,0.0,0.4166666666666667,0.05785123966942149,0.0,0.05785123966942149,121.0,0.0,0.0,0.0,0.0,0.06666666666666667,0.011111111111111112,0.05555555555555555,90.0,0.05357142857142857,0.008928571428571428,0.04464285714285714,112.0,1.0,0.0,2.0,1.0,1.0,0.0,0.0,0.0,1.0,0.5,0.0,0.0,0.0,0.0,1.0,0.5,0.0,0.0,1.0,0.0,0.0,2.0,0.0,0.0,0.0
pilot_task14_User3_seed1,User3,Health,0.0,0.0,1.0,23,23,1.0,63.391304347826086,85.0,195.0,0.4358974358974359,6.027216833125681,6.743279700051792,0.17391304347826086,15,9,1.5765702081661521,0.4,0.06666666666666667,0.0,0.4666666666666667,0.03305785123966942,0.0,0.03305785123966942,121.0,0.0,0.0,0.0,0.0,0.08888888888888889,0.011111111111111112,0.07777777777777778,90.0,0.05357142857142857,0.044642857142857144,0.008928571428571425,112.0,1.0,0.0,1.0,1.5,1.0,0.0,1.0,0.0,1.0,1.5,1.0,0.0,0.0,0.0,3.0,0.0,0.0,0.0,0.0,0.0,0.0,2.0,0.0,0.0,0.0
pilot_task17_User10_seed0,User10,Travel,1.0,1.0,1.0,34,34,1.0,71.0,122.0,333.0,0.3663663663663664,6.394499939219745,7.162021892434857,0.029411764705882353,15,9,0.9087417059624605,0.13333333333333333,0.0,0.0,0.8,0.18461538461538463,0.06923076923076923,0.11538461538461539,130.0,0.0,0.0,0.0,0.0,0.10476190476190476,0.047619047619047616,0.05714285714285715,105.0,0.07964601769911504,0.035398230088495575,0.04424778761061947,113.0,1.0,0.0,2.0,1.0,1.0,0.0,0.0,0.0,2.0,0.0,0.0,0.0,1.0,0.0,1.0,1.5,1.0,0.0,1.0,1.0,0.0,1.0,1.5,1.0,0.0
pilot_task17_User10_seed1,User10,Travel,1.0,1.0,1.0,29,29,1.0,52.03448275862069,71.0,212.0,0.33490566037735847,5.6308135558740435,7.1859344790635555,0.10344827586206896,15,11,0.9087417059624605,0.13333333333333333,0.0,0.0,0.8,0.2,0.038461538461538464,0.16153846153846155,130.0,0.0,0.0,0.0,0.0,0.13333333333333333,0.0380952380952381,0.09523809523809523,105.0,0.08849557522123894,0.02654867256637168,0.061946902654867256,113.0,2.0,0.0,1.0,2.5,1.0,0.0,0.0,0.0,1.0,0.5,0.0,0.0,0.0,0.0,1.0,0.5,0.0,0.0,1.0,1.0,0.0,3.0,1.0,1.0,0.0
pilot_task17_User16_seed0,User16,Travel,1.0,1.0,1.0,27,27,1.0,59.81481481481482,80.0,214.0,0.37383177570093457,5.685282031774648,6.839525889215833,0.0,15,9,0.9087417059624605,0.13333333333333333,0.0,0.0,0.8,0.14285714285714285,0.01904761904761905,0.1238095238095238,105.0,0.0,0.0,0.0,0.0,0.05319148936170213,0.0425531914893617,0.010638297872340427,94.0,0.07142857142857142,0.02857142857142857,0.04285714285714286,140.0,2.0,0.0,1.0,2.5,1.0,0.0,0.0,0.0,1.0,0.5,0.0,0.0,1.0,0.0,1.0,1.5,1.0,0.0,1.0,1.0,0.0,1.0,1.5,1.0,0.0
pilot_task17_User16_seed1,User16,Travel,1.0,1.0,1.0,29,29,1.0,72.34482758620689,107.0,272.0,0.39338235294117646,6.361369422923345,7.237122192195445,0.13793103448275862,15,11,0.557438185027989,0.13333333333333333,0.0,0.0,0.8666666666666667,0.1523809523809524,0.0380952380952381,0.1142857142857143,105.0,0.0,0.0,0.0,0.0,0.05319148936170213,0.031914893617021274,0.021276595744680854,94.0,0.09285714285714286,0.02857142857142857,0.0642857142857143,140.0,1.0,0.0,1.0,1.5,1.0,0.0,1.0,0.0,1.0,1.5,1.0,0.0,0.0,0.0,1.0,0.5,0.0,0.0,0.0,0.0,0.0,1.0,0.5,0.0,0.0
pilot_task17_User17_seed0,User17,Travel,0.0,1.0,0.0,30,30,1.0,63.63333333333333,64.0,243.0,0.26337448559670784,5.5384102735739456,6.699623096598401,0.03333333333333333,15,9,0.7219280948873623,0.2,0.0,0.0,0.8,0.06756756756756757,0.06756756756756757,0.0,74.0,0.0,0.0,0.0,0.0,0.09574468085106383,0.031914893617021274,0.06382978723404256,94.0,0.05504587155963303,0.027522935779816515,0.027522935779816515,109.0,0.0,0.0,2.0,0.0,0.0,0.0,0.0,0.0,2.0,0.0,0.0,0.0,0.0,0.0,1.0,0.5,0.0,0.0,0.0,1.0,0.0,1.0,1.5,1.0,0.0
pilot_task17_User17_seed1,User17,Travel,0.0,1.0,0.0,29,27,0.9310344827586207,52.724137931034484,56.0,211.0,0.26540284360189575,5.166215733485739,6.486261896172712,0.0,15,10,-0.0,0.0,0.0,0.0,1.0,0.12162162162162163,0.013513513513513514,0.10810810810810811,74.0,0.0,0.0,0.0,0.0,0.07446808510638298,0.010638297872340425,0.06382978723404255,94.0,0.06422018348623854,0.009174311926605505,0.05504587155963303,109.0,0.0,0.0,1.0,0.5,0.0,0.0,0.0,0.0,2.0,0.0,0.0,0.0,0.0,0.0,1.0,0.5,0.0,0.0,0.0,0.0,0.0,1.0,0.5,0.0,0.0
pilot_task18_User10_seed0,User10,Travel,1.0,1.0,1.0,40,40,1.0,66.35,117.0,358.0,0.3268156424581006,6.172532901991134,6.955970393127404,0.0,15,15,0.36592365090022316,0.06666666666666667,0.0,0.0,0.9333333333333333,0.11538461538461539,0.038461538461538464,0.07692307692307693,130.0,0.0,0.0,0.0,0.0,0.13333333333333333,0.02857142857142857,0.10476190476190476,105.0,0.061946902654867256,0.008849557522123894,0.05309734513274336,113.0,1.0,0.0,2.0,1.0,1.0,0.0,0.0,0.0,1.0,0.5,0.0,0.0,0.0,0.0,1.0,0.5,0.0,0.0,0.0,0.0,0.0,2.0,0.0,0.0,0.0
pilot_task18_User10_seed1,User10,Travel,1.0,1.0,1.0,37,37,1.0,53.16216216216216,101.0,282.0,0.35815602836879434,6.128632425788751,6.811000178621115,0.0,15,12,0.557438185027989,0.13333333333333333,0.0,0.0,0.8666666666666667,0.1076923076923077,0.007692307692307693,0.1,130.0,0.0,0.0,0.0,0.0,0.11428571428571428,0.01904761904761905,0.09523809523809523,105.0,0.04424778761061947,0.008849557522123894,0.035398230088495575,113.0,0.0,0.0,1.0,0.5,0.0,0.0,0.0,0.0,1.0,0.5,0.0,0.0,0.0,0.0,1.0,0.5,0.0,0.0,1.0,0.0,0.0,1.0,0.5,0.0,0.0
pilot_task18_User19_seed0,User19,Travel,1.0,1.0,1.0,35,35,1.0,50.4,97.0,270.0,0.3592592592592593,6.03456256604257,6.816673567571532,0.0,15,14,0.557438185027989,0.13333333333333333,0.0,0.0,0.8666666666666667,0.056451612903225805,0.03225806451612903,0.024193548387096774,124.0,0.0,0.0,0.0,0.0,0.11650485436893204,0.04854368932038835,0.06796116504854369,103.0,0.09230769230769231,0.015384615384615385,0.07692307692307693,130.0,0.0,0.0,3.0,0.0,0.0,0.0,0.0,0.0,1.0,0.5,0.0,0.0,0.0,0.0,1.0,0.5,0.0,0.0,1.0,1.0,0.0,1.0,1.5,1.0,0.0
pilot_task18_User19_seed1,User19,Travel,1.0,1.0,1.0,18,18,1.0,71.11111111111111,85.0,176.0,0.48295454545454547,6.033863173736018,6.905681380267172,0.0,15,14,-0.0,0.0,0.0,0.0,1.0,0.056451612903225805,0.016129032258064516,0.04032258064516129,124.0,0.0,0.0,0.0,0.0,0.1262135922330097,0.019417475728155338,0.10679611650485438,103.0,0.09230769230769231,0.015384615384615385,0.07692307692307693,130.0,1.0,0.0,3.0,1.0,1.0,0.0,0.0,0.0,1.0,0.5,0.0,0.0,0.0,0.0,1.0,0.5,0.0,0.0,1.0,0.0,0.0,3.0,0.0,0.0,0.0
pilot_task18_User22_seed0,User22,Travel,0.0,1.0,1.0,27,27,1.0,53.44444444444444,78.0,204.0,0.38235294117647056,5.697216539666013,7.139093384237466,0.0,15,14,0.36592365090022316,0.06666666666666667,0.0,0.0,0.9333333333333333,0.1557377049180328,0.0,0.1557377049180328,122.0,0.07352941176470588,0.0,0.07352941176470588,68.0,0.1382488479262673,0.02304147465437788,0.11520737327188942,217.0,0.05309734513274336,0.008849557522123894,0.04424778761061947,113.0,0.0,0.0,1.0,0.5,0.0,0.0,0.0,0.0,1.0,0.5,0.0,0.0,0.0,0.0,2.0,0.0,0.0,0.0,1.0,0.0,0.0,1.0,0.5,0.0,0.0
pilot_task18_User22_seed1,User22,Travel,0.0,1.0,1.0,27,27,1.0,57.7037037037037,101.0,221.0,0.45701357466063347,6.245412843623714,7.101533720980788,0.0,15,10,0.7219280948873623,0.2,0.0,0.0,0.8,0.08196721311475409,0.01639344262295082,0.06557377049180327,122.0,0.08823529411764706,0.0,0.08823529411764706,68.0,0.11059907834101383,0.013824884792626729,0.09677419354838711,217.0,0.061946902654867256,0.017699115044247787,0.04424778761061947,113.0,1.0,0.0,1.0,1.5,1.0,0.0,0.0,0.0,1.0,0.5,0.0,0.0,0.0,0.0,1.0,0.5,0.0,0.0,0.0,1.0,0.0,1.0,1.5,1.0,0.0
pilot_task22_User14_seed0,User14,Finance,0.0,1.0,1.0,19,19,1.0,42.63157894736842,31.0,61.0,0.5081967213114754,4.5259736576987715,6.859144428928285,0.0,15,14,0.9087417059624605,0.0,0.0,0.0,0.8,0.0761904761904762,0.02857142857142857,0.04761904761904763,105.0,0.0,0.0,0.0,0.0,0.028037383177570093,0.009345794392523364,0.01869158878504673,107.0,0.15966386554621848,0.03361344537815126,0.12605042016806722,119.0,1.0,0.0,2.0,1.0,1.0,0.0,0.0,0.0,1.0,0.5,0.0,0.0,0.0,0.0,1.0,0.5,0.0,0.0,0.0,0.0,0.0,1.0,0.5,0.0,0.0
pilot_task22_User14_seed1,User14,Finance,0.0,1.0,1.0,21,21,1.0,72.9047619047619,82.0,179.0,0.4581005586592179,6.039225310791444,7.42032656911477,0.0,12,11,0.9149263727797274,0.0,0.0,0.0,0.6666666666666666,0.12380952380952381,0.0380952380952381,0.08571428571428572,105.0,0.0,0.0,0.0,0.0,0.06542056074766354,0.018691588785046728,0.046728971962616814,107.0,0.24369747899159663,0.058823529411764705,0.18487394957983194,119.0,0.0,0.0,2.0,0.0,0.0,0.0,1.0,0.0,1.0,1.5,1.0,0.0,1.0,0.0,1.0,1.5,1.0,0.0,1.0,0.0,0.0,1.0,0.5,0.0,0.0
pilot_task22_User15_seed0,User15,Finance,1.0,1.0,1.0,18,18,1.0,30.77777777777778,7.0,12.0,0.5833333333333334,2.688721875540867,6.890437646302951,0.0,15,15,1.6909773621955713,0.0,0.13333333333333333,0.0,0.3333333333333333,0.09090909090909091,0.0,0.09090909090909091,99.0,0.0,0.0,0.0,0.0,0.06796116504854369,0.0,0.06796116504854369,103.0,0.15384615384615385,0.008547008547008548,0.1452991452991453,117.0,1.0,0.0,1.0,1.5,1.0,0.0,0.0,0.0,1.0,0.5,0.0,0.0,0.0,0.0,2.0,0.0,0.0,0.0,1.0,0.0,0.0,1.0,0.5,0.0,0.0
pilot_task22_User15_seed1,User15,Finance,1.0,1.0,1.0,27,27,1.0,27.22222222222222,7.0,20.0,0.35,2.633206219346495,6.817873399550214,0.0,15,14,1.4233710281729481,0.0,0.0,0.0,0.4666666666666667,0.09090909090909091,0.0,0.09090909090909091,99.0,0.0,0.0,0.0,0.0,0.05825242718446602,0.0,0.05825242718446602,103.0,0.13675213675213677,0.008547008547008548,0.12820512820512822,117.0,0.0,0.0,1.0,0.5,0.0,0.0,0.0,0.0,1.0,0.5,0.0,0.0,0.0,0.0,1.0,0.5,0.0,0.0,1.0,0.0,0.0,1.0,0.5,0.0,0.0
pilot_task22_User18_seed0,User18,Finance,0.0,1.0,1.0,39,39,1.0,34.30769230769231,42.0,95.0,0.4421052631578947,4.9140926506100095,6.944545805124699,0.05128205128205128,15,14,1.0933098981613303,0.0,0.0,0.0,0.7333333333333333,0.09345794392523364,0.018691588785046728,0.07476635514018691,107.0,0.0,0.0,0.0,0.0,0.04807692307692308,0.009615384615384616,0.038461538461538464,104.0,0.17647058823529413,0.05042016806722689,0.12605042016806722,119.0,0.0,0.0,1.0,0.5,0.0,0.0,1.0,0.0,2.0,1.0,1.0,0.0,0.0,0.0,1.0,0.5,0.0,0.0,0.0,0.0,0.0,1.0,0.5,0.0,0.0
pilot_task22_User18_seed1,User18,Finance,0.0,1.0,1.0,28,28,1.0,33.32142857142857,32.0,54.0,0.5925925925925926,4.675912270561794,7.43662439869521,0.0,15,14,1.557764205529767,0.06666666666666667,0.13333333333333333,0.0,0.6,0.14018691588785046,0.018691588785046728,0.12149532710280372,107.0,0.0,0.0,0.0,0.0,0.07692307692307693,0.0,0.07692307692307693,104.0,0.31092436974789917,0.05042016806722689,0.2605042016806723,119.0,1.0,0.0,2.0,1.0,1.0,0.0,1.0,0.0,1.0,1.5,1.0,0.0,1.0,0.0,1.0,1.5,1.0,0.0,1.0,0.0,0.0,1.0,0.5,0.0,0.0
pilot_task24_User12_seed0,User12,Finance,0.0,0.0,1.0,41,41,1.0,27.097560975609756,21.0,35.0,0.6,4.264578373902383,6.914171002103154,0.0,15,14,0.9087417059624605,0.0,0.0,0.0,0.8,0.03508771929824561,0.0,0.03508771929824561,114.0,0.04,0.0,0.04,50.0,0.06278026905829596,0.004484304932735426,0.05829596412556054,223.0,0.0,0.0,0.0,0.0,0.0,0.0,3.0,0.0,0.0,0.0,0.0,0.0,2.0,0.0,0.0,0.0,0.0,0.0,2.0,0.0,0.0,0.0,0.0,0.0,0.0,1.0,0.5,0.0,0.0
pilot_task24_User12_seed1,User12,Finance,0.0,0.0,1.0,32,32,1.0,25.21875,3.0,3.0,1.0,1.584962500721156,6.837326986881306,0.0,14,11,-0.0,0.0,0.0,0.0,1.0,0.017543859649122806,0.0,0.017543859649122806,114.0,0.04,0.0,0.04,50.0,0.04484304932735426,0.0,0.04484304932735426,223.0,0.0,0.0,0.0,0.0,0.0,0.0,3.0,0.0,0.0,0.0,1.0,0.0,3.0,1.0,1.0,0.0,0.0,0.0,2.0,0.0,0.0,0.0,0.0,0.0,0.0,1.0,0.5,0.0,0.0
pilot_task24_User13_seed0,User13,Finance,1.0,1.0,1.0,43,43,1.0,25.651162790697676,7.0,24.0,0.2916666666666667,2.012103918977221,6.886259883175304,0.0,15,13,-0.0,0.0,0.0,0.0,1.0,0.04201680672268908,0.0,0.04201680672268908,119.0,0.0,0.0,0.0,0.0,0.034482758620689655,0.0,0.034482758620689655,116.0,0.05084745762711865,0.00847457627118644,0.04237288135593221,118.0,0.0,0.0,1.0,0.5,0.0,0.0,0.0,0.0,1.0,0.5,0.0,0.0,0.0,0.0,1.0,0.5,0.0,0.0,0.0,0.0,0.0,1.0,0.5,0.0,0.0
pilot_task24_User13_seed1,User13,Finance,1.0,1.0,1.0,31,31,1.0,25.29032258064516,4.0,15.0,0.26666666666666666,1.8892464285091581,6.933330023357525,0.0,15,12,-0.0,0.0,0.0,0.0,1.0,0.025210084033613446,0.0,0.025210084033613446,119.0,0.0,0.0,0.0,0.0,0.034482758620689655,0.0,0.034482758620689655,116.0,0.07627118644067797,0.0,0.07627118644067797,118.0,0.0,0.0,1.0,0.5,0.0,0.0,0.0,0.0,1.0,0.5,0.0,0.0,0.0,0.0,1.0,0.5,0.0,0.0,1.0,1.0,0.0,1.0,1.5,1.0,0.0
pilot_task24_User17_seed0,User17,Finance,0.0,0.0,0.0,50,50,1.0,23.14,17.0,42.0,0.40476190476190477,3.39768795823549,7.036736425388287,0.0,15,11,0.557438185027989,0.0,0.0,0.0,0.8666666666666667,0.0,0.0,0.0,74.0,0.0,0.0,0.0,0.0,0.05319148936170213,0.010638297872340425,0.0425531914893617,94.0,0.03669724770642202,0.009174311926605505,0.027522935779816515,109.0,0.0,0.0,1.0,0.5,0.0,0.0,0.0,0.0,1.0,0.5,0.0,0.0,0.0,0.0,1.0,0.5,0.0,0.0,0.0,0.0,0.0,1.0,0.5,0.0,0.0
pilot_task24_User17_seed1,User17,Finance,0.0,0.0,0.0,41,41,1.0,25.634146341463413,4.0,27.0,0.14814814814814814,1.3798776375527992,7.2339171478474595,0.0,15,13,0.36592365090022316,0.0,0.06666666666666667,0.0,0.9333333333333333,0.02702702702702703,0.0,0.02702702702702703,74.0,0.0,0.0,0.0,0.0,0.07446808510638298,0.010638297872340425,0.06382978723404255,94.0,0.045871559633027525,0.0,0.045871559633027525,109.0,0.0,0.0,1.0,0.5,0.0,0.0,1.0,0.0,1.0,1.5,1.0,0.0,0.0,0.0,1.0,0.5,0.0,0.0,0.0,0.0,0.0,2.0,0.0,0.0,0.0
pilot_task27_User13_seed0,User13,Creative,0.0,0.0,0.0,34,34,1.0,33.76470588235294,67.0,128.0,0.5234375,5.772673827786958,6.830938361051081,0.17647058823529413,15,11,1.6909773621955713,0.06666666666666667,0.0,0.0,0.4666666666666667,0.025210084033613446,0.008403361344537815,0.016806722689075633,119.0,0.0,0.0,0.0,0.0,0.07758620689655173,0.017241379310344827,0.0603448275862069,116.0,0.07627118644067797,0.00847457627118644,0.06779661016949153,118.0,1.0,0.0,3.0,1.0,1.0,0.0,1.0,0.0,2.0,1.0,1.0,0.0,0.0,0.0,3.0,0.0,0.0,0.0,0.0,0.0,0.0,3.0,0.0,0.0,0.0
pilot_task27_User13_seed1,User13,Creative,0.0,0.0,0.0,34,34,1.0,55.05882352941177,91.0,255.0,0.3568627450980392,6.09967963652927,6.851401766667712,0.11764705882352941,15,11,2.219406967376032,0.13333333333333333,0.0,0.0,0.4,0.05042016806722689,0.01680672268907563,0.033613445378151266,119.0,0.0,0.0,0.0,0.0,0.09482758620689655,0.02586206896551724,0.06896551724137931,116.0,0.0847457627118644,0.00847457627118644,0.07627118644067796,118.0,0.0,0.0,1.0,0.5,0.0,0.0,0.0,0.0,1.0,0.5,0.0,0.0,0.0,0.0,1.0,0.5,0.0,0.0,0.0,0.0,0.0,2.0,0.0,0.0,0.0
pilot_task27_User14_seed0,User14,Creative,0.0,1.0,1.0,40,40,1.0,38.825,84.0,163.0,0.5153374233128835,6.091514179681457,7.382781758705769,0.05,15,13,1.2511974093459055,0.13333333333333333,0.06666666666666667,0.0,0.7333333333333333,0.09523809523809523,0.01904761904761905,0.07619047619047618,105.0,0.0,0.0,0.0,0.0,0.22429906542056074,0.07476635514018691,0.14953271028037385,107.0,0.12605042016806722,0.025210084033613446,0.10084033613445378,119.0,0.0,0.0,1.0,0.5,0.0,0.0,2.0,0.0,1.0,2.5,1.0,0.0,0.0,0.0,3.0,0.0,0.0,0.0,1.0,0.0,0.0,1.0,0.5,0.0,0.0
pilot_task27_User14_seed1,User14,Creative,1.0,1.0,1.0,34,34,1.0,48.088235294117645,106.0,189.0,0.5608465608465608,6.508937331856178,6.9434296628668575,0.08823529411764706,15,12,1.7179447144102642,0.13333333333333333,0.0,0.0,0.5333333333333333,0.0380952380952381,0.0,0.0380952380952381,105.0,0.0,0.0,0.0,0.0,0.08411214953271028,0.028037383177570093,0.05607476635514018,107.0,0.10084033613445378,0.008403361344537815,0.09243697478991597,119.0,0.0,0.0,1.0,0.5,0.0,0.0,0.0,0.0,1.0,0.5,0.0,0.0,0.0,0.0,2.0,0.0,0.0,0.0,1.0,0.0,0.0,1.0,0.5,0.0,0.0
pilot_task27_User2_seed0,User2,Creative,0.0,0.0,0.0,36,36,1.0,34.833333333333336,57.0,111.0,0.5135135135135135,5.535042443450819,6.977009698574832,0.0,15,14,0.7219280948873623,0.0,0.0,0.0,0.8,0.009900990099009901,0.0,0.009900990099009901,101.0,0.1346153846153846,0.019230769230769232,0.11538461538461538,52.0,0.07883817427385892,0.016597510373443983,0.06224066390041494,241.0,0.043010752688172046,0.0,0.043010752688172046,93.0,1.0,0.0,1.0,1.5,1.0,0.0,0.0,0.0,1.0,0.5,0.0,0.0,0.0,0.0,1.0,0.5,0.0,0.0,0.0,0.0,0.0,2.0,0.0,0.0,0.0
pilot_task27_User2_seed1,User2,Creative,1.0,1.0,0.0,42,42,1.0,48.42857142857143,105.0,275.0,0.38181818181818183,6.299001368803105,7.083275344900956,0.07142857142857142,15,11,1.3892064672347209,0.0,0.0,0.0,0.6666666666666666,0.039603960396039604,0.009900990099009901,0.0297029702970297,101.0,0.09615384615384616,0.019230769230769232,0.07692307692307693,52.0,0.0912863070539419,0.03319502074688797,0.05809128630705394,241.0,0.053763440860215055,0.0,0.053763440860215055,93.0,1.0,0.0,1.0,1.5,1.0,0.0,1.0,0.0,1.0,1.5,1.0,0.0,0.0,1.0,1.0,0.0,0.0,1.0,0.0,0.0,0.0,2.0,0.0,0.0,0.0
pilot_task29_User10_seed0,User10,Creative,1.0,1.0,1.0,40,40,1.0,31.15,49.0,102.0,0.4803921568627451,5.151941908200244,6.913154973171917,0.0,15,12,1.0670362257795307,0.06666666666666667,0.0,0.0,0.8,0.05384615384615385,0.023076923076923078,0.03076923076923077,130.0,0.0,0.0,0.0,0.0,0.10476190476190476,0.02857142857142857,0.0761904761904762,105.0,0.07079646017699115,0.02654867256637168,0.04424778761061947,113.0,0.0,0.0,3.0,0.0,0.0,0.0,0.0,0.0,1.0,0.5,0.0,0.0,0.0,0.0,2.0,0.0,0.0,0.0,1.0,0.0,0.0,1.0,0.5,0.0,0.0
pilot_task29_User10_seed1,User10,Creative,1.0,1.0,1.0,42,42,1.0,26.69047619047619,31.0,41.0,0.7560975609756098,4.784142858171085,7.3206549540945085,0.0,15,14,0.36592365090022316,0.0,0.0,0.0,0.9333333333333333,0.09230769230769231,0.007692307692307693,0.08461538461538462,130.0,0.0,0.0,0.0,0.0,0.11428571428571428,0.009523809523809525,0.10476190476190475,105.0,0.11504424778761062,0.017699115044247787,0.09734513274336283,113.0,0.0,0.0,2.0,0.0,0.0,0.0,0.0,0.0,3.0,0.0,0.0,0.0,0.0,0.0,1.0,0.5,0.0,0.0,0.0,1.0,0.0,3.0,1.0,1.0,0.0
pilot_task29_User13_seed0,User13,Creative,1.0,1.0,1.0,37,37,1.0,30.864864864864863,38.0,91.0,0.4175824175824176,4.8920493822096995,7.2138530806145695,0.0,15,14,0.557438185027989,0.0,0.0,0.0,0.8666666666666667,0.06722689075630252,0.008403361344537815,0.058823529411764705,119.0,0.0,0.0,0.0,0.0,0.07758620689655173,0.017241379310344827,0.0603448275862069,116.0,0.11016949152542373,0.01694915254237288,0.09322033898305085,118.0,0.0,0.0,1.0,0.5,0.0,0.0,1.0,0.0,1.0,1.5,1.0,0.0,1.0,0.0,1.0,1.5,1.0,0.0,1.0,1.0,0.0,1.0,1.5,1.0,0.0
pilot_task29_User13_seed1,User13,Creative,1.0,1.0,1.0,44,44,1.0,28.0,33.0,72.0,0.4583333333333333,4.632661969663132,6.933433852241786,0.0,15,15,0.557438185027989,0.0,0.0,0.0,0.8666666666666667,0.04201680672268908,0.008403361344537815,0.033613445378151266,119.0,0.0,0.0,0.0,0.0,0.07758620689655173,0.017241379310344827,0.0603448275862069,116.0,0.09322033898305085,0.0,0.09322033898305085,118.0,0.0,0.0,1.0,0.5,0.0,0.0,1.0,0.0,1.0,1.5,1.0,0.0,1.0,0.0,1.0,1.5,1.0,0.0,1.0,1.0,0.0,1.0,1.5,1.0,0.0
pilot_task29_User18_seed0,User18,Creative,0.0,1.0,0.0,37,37,1.0,24.864864864864863,11.0,18.0,0.6111111111111112,3.169925001442312,7.306289734594755,0.0,15,13,0.7219280948873623,0.0,0.0,0.0,0.8,0.06542056074766354,0.009345794392523364,0.05607476635514018,107.0,0.0,0.0,0.0,0.0,0.08653846153846154,0.0,0.08653846153846154,104.0,0.08403361344537816,0.0,0.08403361344537816,119.0,1.0,0.0,3.0,1.0,1.0,0.0,0.0,0.0,2.0,0.0,0.0,0.0,1.0,0.0,1.0,1.5,1.0,0.0,0.0,0.0,0.0,1.0,0.5,0.0,0.0
pilot_task29_User18_seed1,User18,Creative,0.0,1.0,0.0,37,37,1.0,45.270270270270274,81.0,176.0,0.4602272727272727,5.743518519843395,7.379895252023335,0.0,15,15,0.7192109575275787,0.0,0.06666666666666667,0.0,0.8666666666666667,0.06542056074766354,0.018691588785046728,0.046728971962616814,107.0,0.0,0.0,0.0,0.0,0.08653846153846154,0.019230769230769232,0.0673076923076923,104.0,0.07563025210084033,0.01680672268907563,0.058823529411764705,119.0,0.0,0.0,3.0,0.0,0.0,0.0,0.0,0.0,1.0,0.5,0.0,0.0,1.0,0.0,1.0,1.5,1.0,0.0,1.0,1.0,0.0,1.0,1.5,1.0,0.0
pilot_task2_User2_seed0,User2,Education,1.0,1.0,1.0,38,38,1.0,67.76315789473684,102.0,299.0,0.3411371237458194,5.937059204824449,7.0625157960187,0.0,15,14,1.9066453316578382,0.13333333333333333,0.13333333333333333,0.0,0.5333333333333333,0.1188118811881188,0.0594059405940594,0.0594059405940594,101.0,0.09615384615384616,0.0,0.09615384615384616,52.0,0.06639004149377593,0.029045643153526972,0.03734439834024896,241.0,0.10752688172043011,0.053763440860215055,0.053763440860215055,93.0,1.0,0.0,1.0,1.5,1.0,0.0,0.0,0.0,1.0,0.5,0.0,0.0,1.0,0.0,2.0,1.0,1.0,0.0,1.0,0.0,0.0,3.0,0.0,0.0,0.0
pilot_task2_User2_seed1,User2,Education,1.0,1.0,1.0,38,38,1.0,74.89473684210526,102.0,334.0,0.30538922155688625,5.909257541615435,7.587247493758295,0.05263157894736842,15,15,2.1575737834880315,0.06666666666666667,0.4666666666666667,0.0,0.2,0.1782178217821782,0.0891089108910891,0.0891089108910891,101.0,0.17307692307692307,0.019230769230769232,0.15384615384615385,52.0,0.1037344398340249,0.04149377593360996,0.062240663900414946,241.0,0.17204301075268819,0.08602150537634409,0.08602150537634409,93.0,1.0,0.0,1.0,1.5,1.0,0.0,0.0,0.0,2.0,0.0,0.0,0.0,0.0,0.0,1.0,0.5,0.0,0.0,1.0,0.0,0.0,1.0,0.5,0.0,0.0
pilot_task2_User6_seed0,User6,Education,1.0,1.0,1.0,45,45,1.0,76.4,101.0,404.0,0.25,5.986028832631408,7.1482308324955355,0.0,15,12,1.4209472609073008,0.13333333333333333,0.6666666666666666,0.0,0.13333333333333333,0.1592920353982301,0.10619469026548672,0.05309734513274336,113.0,0.0,0.0,0.0,0.0,0.10204081632653061,0.05102040816326531,0.05102040816326531,98.0,0.15841584158415842,0.04950495049504951,0.10891089108910891,101.0,1.0,0.0,1.0,1.5,1.0,0.0,1.0,0.0,1.0,1.5,1.0,0.0,0.0,0.0,1.0,0.5,0.0,0.0,1.0,0.0,0.0,1.0,0.5,0.0,0.0
pilot_task2_User6_seed1,User6,Education,1.0,1.0,1.0,35,35,1.0,58.51428571428571,79.0,213.0,0.37089201877934275,5.915262846485271,7.1791492352998345,0.02857142857142857,15,12,1.0670362257795307,0.06666666666666667,0.8,0.0,0.06666666666666667,0.1592920353982301,0.07964601769911504,0.07964601769911504,113.0,0.0,0.0,0.0,0.0,0.10204081632653061,0.061224489795918366,0.04081632653061225,98.0,0.12871287128712872,0.039603960396039604,0.0891089108910891,101.0,0.0,0.0,1.0,0.5,0.0,0.0,1.0,0.0,1.0,1.5,1.0,0.0,0.0,0.0,1.0,0.5,0.0,0.0,1.0,0.0,0.0,1.0,0.5,0.0,0.0
pilot_task2_User7_seed0,User7,Education,1.0,1.0,1.0,38,38,1.0,70.23684210526316,95.0,320.0,0.296875,5.798066218358225,7.002533508987336,0.0,15,10,1.6909773621955713,0.13333333333333333,0.4666666666666667,0.0,0.3333333333333333,0.2,0.14736842105263157,0.052631578947368446,95.0,0.0,0.0,0.0,0.0,0.08737864077669903,0.04854368932038835,0.03883495145631068,103.0,0.13592233009708737,0.05825242718446602,0.07766990291262135,103.0,0.0,0.0,2.0,0.0,0.0,0.0,1.0,0.0,1.0,1.5,1.0,0.0,0.0,0.0,1.0,0.5,0.0,0.0,1.0,1.0,0.0,1.0,1.5,1.0,0.0
pilot_task2_User7_seed1,User7,Education,1.0,1.0,1.0,38,38,1.0,66.23684210526316,108.0,316.0,0.34177215189873417,6.185954464854852,6.9721281763789875,0.02631578947368421,15,12,1.6466667153697183,0.13333333333333333,0.5333333333333333,0.0,0.26666666666666666,0.2,0.10526315789473684,0.09473684210526317,95.0,0.0,0.0,0.0,0.0,0.05825242718446602,0.02912621359223301,0.02912621359223301,103.0,0.11650485436893204,0.06796116504854369,0.048543689320388356,103.0,0.0,0.0,1.0,0.5,0.0,0.0,1.0,0.0,1.0,1.5,1.0,0.0,0.0,0.0,2.0,0.0,0.0,0.0,1.0,0.0,0.0,1.0,0.5,0.0,0.0
pilot_task32_User11_seed0,User11,Shopping,0.0,1.0,1.0,27,27,1.0,40.18518518518518,52.0,119.0,0.4369747899159664,5.361005393488701,6.639181954147658,0.0,15,12,1.3709505944546687,0.0,0.0,0.0,0.6,0.04081632653061224,0.0,0.04081632653061224,98.0,0.06666666666666667,0.0,0.06666666666666667,45.0,0.0380952380952381,0.009523809523809525,0.028571428571428574,210.0,0.0,0.0,0.0,0.0,1.0,0.0,3.0,1.0,1.0,0.0,1.0,0.0,1.0,1.5,1.0,0.0,0.0,0.0,1.0,0.5,0.0,0.0,0.0,0.0,0.0,2.0,0.0,0.0,0.0
pilot_task32_User11_seed1,User11,Shopping,0.0,0.0,1.0,26,26,1.0,21.076923076923077,7.0,21.0,0.3333333333333333,2.6420846845804995,6.529606513756678,0.0,15,11,0.7192109575275787,0.0,0.0,0.0,0.8666666666666667,0.02040816326530612,0.0,0.02040816326530612,98.0,0.06666666666666667,0.0,0.06666666666666667,45.0,0.047619047619047616,0.0,0.047619047619047616,210.0,0.0,0.0,0.0,0.0,1.0,0.0,3.0,1.0,1.0,0.0,0.0,0.0,1.0,0.5,0.0,0.0,0.0,1.0,1.0,0.0,0.0,1.0,0.0,1.0,0.0,3.0,1.0,1.0,0.0
pilot_task32_User13_seed0,User13,Shopping,1.0,1.0,1.0,37,37,1.0,25.10810810810811,43.0,63.0,0.6825396825396826,5.262683891616521,6.989329431082029,0.0,15,13,0.9087417059624605,0.0,0.0,0.0,0.8,0.13445378151260504,0.0,0.13445378151260504,119.0,0.0,0.0,0.0,0.0,0.08620689655172414,0.0,0.08620689655172414,116.0,0.059322033898305086,0.0,0.059322033898305086,118.0,1.0,0.0,2.0,1.0,1.0,0.0,1.0,0.0,1.0,1.5,1.0,0.0,1.0,0.0,1.0,1.5,1.0,0.0,1.0,0.0,0.0,1.0,0.5,0.0,0.0
pilot_task32_User13_seed1,User13,Shopping,1.0,1.0,1.0,42,42,1.0,23.952380952380953,37.0,74.0,0.5,4.900076973877854,7.466376280881872,0.0,15,11,0.557438185027989,0.0,0.0,0.0,0.8666666666666667,0.17647058823529413,0.008403361344537815,0.16806722689075632,119.0,0.0,0.0,0.0,0.0,0.10344827586206896,0.008620689655172414,0.09482758620689655,116.0,0.05084745762711865,0.0,0.05084745762711865,118.0,1.0,0.0,1.0,1.5,1.0,0.0,0.0,0.0,1.0,0.5,0.0,0.0,1.0,0.0,1.0,1.5,1.0,0.0,1.0,0.0,0.0,2.0,0.0,0.0,0.0
pilot_task32_User18_seed0,User18,Shopping,0.0,1.0,0.0,26,26,1.0,27.307692307692307,24.0,32.0,0.75,4.3871987351738495,6.620011298586,0.0,15,10,1.168494425588551,0.0,0.0,0.0,0.6666666666666666,0.04672897196261682,0.0,0.04672897196261682,107.0,0.0,0.0,0.0,0.0,0.057692307692307696,0.0,0.057692307692307696,104.0,0.025210084033613446,0.0,0.025210084033613446,119.0,1.0,0.0,1.0,1.5,1.0,0.0,0.0,0.0,1.0,0.5,0.0,0.0,0.0,0.0,1.0,0.5,0.0,0.0,0.0,0.0,0.0,1.0,0.5,0.0,0.0
pilot_task32_User18_seed1,User18,Shopping,1.0,1.0,1.0,48,48,1.0,30.875,76.0,109.0,0.6972477064220184,5.964983636505049,7.066231417439453,0.0,15,10,0.8414646362081757,0.0,0.0,0.0,0.7333333333333333,0.08411214953271028,0.037383177570093455,0.04672897196261682,107.0,0.0,0.0,0.0,0.0,0.08653846153846154,0.009615384615384616,0.07692307692307693,104.0,0.025210084033613446,0.0,0.025210084033613446,119.0,1.0,0.0,1.0,1.5,1.0,0.0,1.0,0.0,1.0,1.5,1.0,0.0,0.0,0.0,1.0,0.5,0.0,0.0,1.0,0.0,0.0,2.0,0.0,0.0,0.0
pilot_task33_User12_seed0,User12,Shopping,1.0,1.0,1.0,28,28,1.0,72.32142857142857,84.0,286.0,0.2937062937062937,5.876840779276914,6.767232820080293,0.0,15,11,1.7872654771854148,0.26666666666666666,0.0,0.0,0.4666666666666667,0.07017543859649122,0.02631578947368421,0.043859649122807015,114.0,0.08,0.02,0.06,50.0,0.07174887892376682,0.02242152466367713,0.04932735426008969,223.0,0.0,0.0,0.0,0.0,1.0,0.0,3.0,1.0,1.0,0.0,0.0,0.0,1.0,0.5,0.0,0.0,0.0,0.0,1.0,0.5,0.0,0.0,1.0,1.0,0.0,3.0,1.0,1.0,0.0
pilot_task33_User12_seed1,User12,Shopping,1.0,1.0,1.0,35,35,1.0,63.51428571428571,98.0,326.0,0.3006134969325153,6.040066854811592,6.733603754539596,0.0,15,12,0.7219280948873623,0.2,0.0,0.0,0.8,0.06140350877192982,0.02631578947368421,0.03508771929824561,114.0,0.06,0.0,0.06,50.0,0.05829596412556054,0.02242152466367713,0.035874439461883414,223.0,0.0,0.0,0.0,0.0,0.0,0.0,1.0,0.5,0.0,0.0,1.0,0.0,1.0,1.5,1.0,0.0,0.0,0.0,1.0,0.5,0.0,0.0,1.0,0.0,0.0,1.0,0.5,0.0,0.0
pilot_task33_User13_seed0,User13,Shopping,1.0,1.0,1.0,25,25,1.0,62.64,76.0,221.0,0.3438914027149321,5.67007100557149,6.457938070767458,0.0,15,15,0.9087417059624605,0.13333333333333333,0.0,0.0,0.8,0.07563025210084033,0.025210084033613446,0.050420168067226885,119.0,0.0,0.0,0.0,0.0,0.05172413793103448,0.008620689655172414,0.04310344827586207,116.0,0.03389830508474576,0.01694915254237288,0.01694915254237288,118.0,1.0,0.0,1.0,1.5,1.0,0.0,1.0,1.0,1.0,1.0,1.0,1.0,0.0,0.0,1.0,0.5,0.0,0.0,1.0,0.0,0.0,1.0,0.5,0.0,0.0
pilot_task33_User13_seed1,User13,Shopping,1.0,1.0,1.0,40,40,1.0,66.025,126.0,384.0,0.328125,6.58142889863862,6.954624803122627,0.275,15,10,1.8858225438998288,0.2,0.0,0.0,0.4,0.14285714285714285,0.03361344537815126,0.1092436974789916,119.0,0.0,0.0,0.0,0.0,0.07758620689655173,0.017241379310344827,0.0603448275862069,116.0,0.059322033898305086,0.025423728813559324,0.03389830508474576,118.0,2.0,0.0,1.0,2.5,1.0,0.0,1.0,0.0,1.0,1.5,1.0,0.0,1.0,0.0,1.0,1.5,1.0,0.0,1.0,0.0,0.0,1.0,0.5,0.0,0.0
pilot_task33_User7_seed0,User7,Shopping,1.0,1.0,1.0,22,22,1.0,88.95454545454545,112.0,273.0,0.41025641025641024,6.466830645628477,7.314840474581759,0.36363636363636365,15,11,2.0101846392480462,0.13333333333333333,0.0,0.0,0.4666666666666667,0.08421052631578947,0.05263157894736842,0.031578947368421054,95.0,0.0,0.0,0.0,0.0,0.06796116504854369,0.0,0.06796116504854369,103.0,0.04854368932038835,0.009708737864077669,0.038834951456310676,103.0,0.0,0.0,1.0,0.5,0.0,0.0,0.0,0.0,1.0,0.5,0.0,0.0,0.0,0.0,2.0,0.0,0.0,0.0,1.0,0.0,0.0,1.0,0.5,0.0,0.0
pilot_task33_User7_seed1,User7,Shopping,0.0,1.0,1.0,33,33,1.0,69.60606060606061,109.0,323.0,0.33746130030959753,6.337549225026396,6.9326332227483185,0.15151515151515152,15,13,1.4209472609073008,0.13333333333333333,0.0,0.0,0.6666666666666666,0.07368421052631578,0.021052631578947368,0.05263157894736842,95.0,0.0,0.0,0.0,0.0,0.07766990291262135,0.0,0.07766990291262135,103.0,0.05825242718446602,0.0,0.05825242718446602,103.0,0.0,0.0,3.0,0.0,0.0,0.0,1.0,0.0,1.0,1.5,1.0,0.0,0.0,0.0,1.0,0.5,0.0,0.0,0.0,0.0,0.0,1.0,0.5,0.0,0.0
pilot_task37_User14_seed0,User14,Real Estate,0.0,0.0,0.0,19,19,1.0,53.578947368421055,86.0,128.0,0.671875,6.238859984646714,6.395635123048391,0.05263157894736842,15,12,1.8233710281729483,0.13333333333333333,0.0,0.0,0.4666666666666667,0.0380952380952381,0.0380952380952381,0.0,105.0,0.0,0.0,0.0,0.0,0.037383177570093455,0.009345794392523364,0.02803738317757009,107.0,0.05042016806722689,0.01680672268907563,0.033613445378151266,119.0,1.0,0.0,1.0,1.5,1.0,0.0,0.0,0.0,1.0,0.5,0.0,0.0,0.0,0.0,1.0,0.5,0.0,0.0,1.0,0.0,0.0,2.0,0.0,0.0,0.0
pilot_task37_User14_seed1,User14,Real Estate,0.0,0.0,1.0,8,8,1.0,24.125,2.0,2.0,1.0,1.0,6.623436827422907,0.0,11,8,1.23474331406078,0.09090909090909091,0.0,0.0,0.6363636363636364,0.05714285714285714,0.0,0.05714285714285714,105.0,0.0,0.0,0.0,0.0,0.04672897196261682,0.0,0.04672897196261682,107.0,0.05042016806722689,0.0,0.05042016806722689,119.0,1.0,1.0,1.0,1.0,1.0,1.0,1.0,0.0,1.0,1.5,1.0,0.0,1.0,0.0,1.0,1.5,1.0,0.0,0.0,0.0,0.0,3.0,0.0,0.0,0.0
pilot_task37_User20_seed0,User20,Real Estate,0.0,0.0,1.0,21,21,1.0,49.57142857142857,81.0,117.0,0.6923076923076923,6.207034459118134,6.748241441996904,0.0,15,12,1.0643837982708073,0.0,0.0,0.0,0.7333333333333333,0.06666666666666667,0.041666666666666664,0.025,120.0,0.07142857142857142,0.0,0.07142857142857142,14.0,0.042735042735042736,0.02564102564102564,0.017094017094017096,117.0,0.02830188679245283,0.018867924528301886,0.009433962264150945,106.0,1.0,0.0,1.0,1.5,1.0,0.0,1.0,0.0,1.0,1.5,1.0,0.0,0.0,1.0,3.0,-0.5,0.0,1.0,0.0,0.0,0.0,2.0,0.0,0.0,0.0
pilot_task37_User20_seed1,User20,Real Estate,0.0,1.0,1.0,19,19,1.0,52.89473684210526,70.0,118.0,0.5932203389830508,5.877529838055674,7.123174859798741,0.05263157894736842,15,13,2.209770558328775,0.06666666666666667,0.0,0.0,0.26666666666666666,0.09166666666666666,0.03333333333333333,0.05833333333333333,120.0,0.07142857142857142,0.0,0.07142857142857142,14.0,0.05982905982905983,0.017094017094017096,0.042735042735042736,117.0,0.04716981132075472,0.02830188679245283,0.01886792452830189,106.0,0.0,0.0,3.0,0.0,0.0,0.0,0.0,0.0,1.0,0.5,0.0,0.0,1.0,0.0,1.0,1.5,1.0,0.0,0.0,0.0,0.0,1.0,0.5,0.0,0.0
pilot_task37_User8_seed0,User8,Real Estate,0.0,0.0,0.0,19,19,1.0,30.42105263157895,27.0,29.0,0.9310344827586207,4.720049960644813,6.627915296792122,0.0,15,12,1.3348450434671353,0.0,0.0,0.0,0.6,0.07766990291262135,0.0,0.07766990291262135,103.0,0.0,0.0,0.0,0.0,0.0916030534351145,0.0,0.0916030534351145,131.0,0.061068702290076333,0.0,0.061068702290076333,131.0,1.0,0.0,3.0,1.0,1.0,0.0,0.0,0.0,1.0,0.5,0.0,0.0,0.0,0.0,1.0,0.5,0.0,0.0,0.0,0.0,0.0,1.0,0.5,0.0,0.0
pilot_task37_User8_seed1,User8,Real Estate,0.0,0.0,0.0,16,16,1.0,23.8125,10.0,10.0,1.0,3.3219280948873626,6.607264455478376,0.0,15,11,1.6909773621955713,0.0,0.0,0.0,0.4666666666666667,0.06796116504854369,0.0,0.06796116504854369,103.0,0.0,0.0,0.0,0.0,0.0916030534351145,0.0,0.0916030534351145,131.0,0.03816793893129771,0.0,0.03816793893129771,131.0,1.0,0.0,1.0,1.5,1.0,0.0,1.0,0.0,1.0,1.5,1.0,0.0,0.0,0.0,1.0,0.5,0.0,0.0,0.0,0.0,1.0,1.0,0.0,0.0,1.0
pilot_task38_User10_seed0,User10,Real Estate,1.0,1.0,1.0,23,23,1.0,29.47826086956522,7.0,27.0,0.25925925925925924,2.698376856410489,7.501856589114837,0.0,15,12,0.557438185027989,0.0,0.0,0.0,0.8666666666666667,0.15384615384615385,0.0,0.15384615384615385,130.0,0.0,0.0,0.0,0.0,0.13333333333333333,0.0,0.13333333333333333,105.0,0.18584070796460178,0.0,0.18584070796460178,113.0,1.0,0.0,1.0,1.5,1.0,0.0,0.0,0.0,1.0,0.5,0.0,0.0,0.0,0.0,1.0,0.5,0.0,0.0,1.0,0.0,0.0,3.0,0.0,0.0,0.0
pilot_task38_User10_seed1,User10,Real Estate,1.0,1.0,1.0,32,32,1.0,32.8125,20.0,68.0,0.29411764705882354,3.8093362326732323,7.112945988905736,0.0,15,10,1.0933098981613303,0.0,0.0,0.0,0.7333333333333333,0.1076923076923077,0.007692307692307693,0.1,130.0,0.0,0.0,0.0,0.0,0.09523809523809523,0.0,0.09523809523809523,105.0,0.11504424778761062,0.0,0.11504424778761062,113.0,0.0,0.0,1.0,0.5,0.0,0.0,0.0,0.0,1.0,0.5,0.0,0.0,0.0,0.0,1.0,0.5,0.0,0.0,0.0,0.0,0.0,1.0,0.5,0.0,0.0
pilot_task38_User12_seed0,User12,Real Estate,1.0,1.0,1.0,29,29,1.0,28.689655172413794,17.0,56.0,0.30357142857142855,3.4616719499809747,6.761268527506031,0.0,15,12,0.7192109575275787,0.0,0.0,0.0,0.8666666666666667,0.11403508771929824,0.02631578947368421,0.08771929824561403,114.0,0.04,0.0,0.04,50.0,0.04035874439461883,0.0,0.04035874439461883,223.0,0.0,0.0,0.0,0.0,1.0,0.0,1.0,1.5,1.0,0.0,0.0,0.0,2.0,0.0,0.0,0.0,0.0,0.0,1.0,0.5,0.0,0.0,1.0,0.0,0.0,1.0,0.5,0.0,0.0
pilot_task38_User12_seed1,User12,Real Estate,1.0,1.0,1.0,27,27,1.0,28.0,13.0,35.0,0.37142857142857144,2.956201405202968,7.355021287976851,0.0,15,10,0.9974015885677396,0.0,0.0,0.0,0.5333333333333333,0.15789473684210525,0.017543859649122806,0.14035087719298245,114.0,0.06,0.0,0.06,50.0,0.053811659192825115,0.0,0.053811659192825115,223.0,0.0,0.0,0.0,0.0,1.0,0.0,1.0,1.5,1.0,0.0,1.0,0.0,3.0,1.0,1.0,0.0,1.0,0.0,1.0,1.5,1.0,0.0,1.0,0.0,0.0,2.0,0.0,0.0,0.0
pilot_task38_User19_seed0,User19,Real Estate,0.0,0.0,1.0,41,41,1.0,29.048780487804876,35.0,97.0,0.36082474226804123,4.565724827989691,7.2560467688700525,0.0,15,12,1.6466667153697183,0.06666666666666667,0.0,0.0,0.5333333333333333,0.11290322580645161,0.008064516129032258,0.10483870967741934,124.0,0.0,0.0,0.0,0.0,0.08737864077669903,0.009708737864077669,0.07766990291262137,103.0,0.11538461538461539,0.0,0.11538461538461539,130.0,1.0,0.0,1.0,1.5,1.0,0.0,0.0,0.0,1.0,0.5,0.0,0.0,0.0,0.0,1.0,0.5,0.0,0.0,0.0,0.0,0.0,1.0,0.5,0.0,0.0
pilot_task38_User19_seed1,User19,Real Estate,0.0,1.0,0.0,27,27,1.0,30.77777777777778,10.0,41.0,0.24390243902439024,2.9530868139353745,7.1443392388662,0.0,15,10,1.3348450434671353,0.0,0.0,0.0,0.6,0.08064516129032258,0.0,0.08064516129032258,124.0,0.0,0.0,0.0,0.0,0.13592233009708737,0.0,0.13592233009708737,103.0,0.16153846153846155,0.0,0.16153846153846155,130.0,0.0,0.0,1.0,0.5,0.0,0.0,1.0,0.0,1.0,1.5,1.0,0.0,1.0,0.0,1.0,1.5,1.0,0.0,0.0,1.0,0.0,1.0,1.5,1.0,0.0
pilot_task42_User11_seed0,User11,Law,1.0,1.0,1.0,28,28,1.0,68.64285714285714,116.0,242.0,0.4793388429752066,6.461648740159632,6.962255676722136,0.07142857142857142,15,14,0.7192109575275787,0.0,0.06666666666666667,0.0,0.8666666666666667,0.030612244897959183,0.04081632653061224,-0.010204081632653059,98.0,0.1111111111111111,0.08888888888888889,0.022222222222222213,45.0,0.03333333333333333,0.03333333333333333,0.0,210.0,0.0,0.0,0.0,0.0,0.0,0.0,1.0,0.5,0.0,0.0,1.0,0.0,1.0,1.5,1.0,0.0,0.0,0.0,1.0,0.5,0.0,0.0,1.0,0.0,0.0,2.0,0.0,0.0,0.0
pilot_task42_User11_seed1,User11,Law,1.0,1.0,1.0,33,33,1.0,73.66666666666667,131.0,286.0,0.458041958041958,6.699491738129646,6.6615555765064505,0.0,15,14,0.36592365090022316,0.0,0.06666666666666667,0.0,0.9333333333333333,0.02040816326530612,0.030612244897959183,-0.010204081632653062,98.0,0.06666666666666667,0.06666666666666667,0.0,45.0,0.023809523809523808,0.02857142857142857,-0.004761904761904762,210.0,0.0,0.0,0.0,0.0,0.0,0.0,1.0,0.5,0.0,0.0,0.0,0.0,1.0,0.5,0.0,0.0,1.0,1.0,1.0,1.0,1.0,1.0,1.0,0.0,0.0,2.0,0.0,0.0,0.0
pilot_task42_User18_seed0,User18,Law,0.0,0.0,1.0,25,25,1.0,72.76,105.0,224.0,0.46875,6.357728458694171,6.658830543194155,0.04,15,14,0.7192109575275787,0.0,0.06666666666666667,0.0,0.8666666666666667,0.028037383177570093,0.018691588785046728,0.009345794392523366,107.0,0.0,0.0,0.0,0.0,0.07692307692307693,0.038461538461538464,0.038461538461538464,104.0,0.025210084033613446,0.008403361344537815,0.016806722689075633,119.0,0.0,0.0,2.0,0.0,0.0,0.0,0.0,0.0,1.0,0.5,0.0,0.0,0.0,0.0,1.0,0.5,0.0,0.0,0.0,0.0,0.0,2.0,0.0,0.0,0.0
pilot_task42_User18_seed1,User18,Law,0.0,0.0,0.0,28,28,1.0,68.10714285714286,109.0,237.0,0.459915611814346,6.349982816158542,6.444918604833001,0.0,15,13,0.7192109575275787,0.0,0.06666666666666667,0.0,0.8666666666666667,0.028037383177570093,0.018691588785046728,0.009345794392523366,107.0,0.0,0.0,0.0,0.0,0.057692307692307696,0.038461538461538464,0.019230769230769232,104.0,0.03361344537815126,0.025210084033613446,0.008403361344537813,119.0,1.0,0.0,2.0,1.0,1.0,0.0,0.0,0.0,1.0,0.5,0.0,0.0,0.0,0.0,1.0,0.5,0.0,0.0,1.0,0.0,0.0,3.0,0.0,0.0,0.0
pilot_task42_User1_seed0,User1,Law,0.0,1.0,1.0,36,36,1.0,72.25,116.0,326.0,0.3558282208588957,6.470230483744752,6.747226390841094,0.0,15,14,0.36592365090022316,0.0,0.06666666666666667,0.0,0.9333333333333333,0.024390243902439025,0.024390243902439025,0.0,82.0,0.0,0.0,0.0,0.0,0.0375,0.0375,0.0,80.0,0.027777777777777776,0.009259259259259259,0.018518518518518517,108.0,0.0,0.0,2.0,0.0,0.0,0.0,0.0,0.0,1.0,0.5,0.0,0.0,1.0,0.0,1.0,1.5,1.0,0.0,0.0,0.0,0.0,2.0,0.0,0.0,0.0
pilot_task42_User1_seed1,User1,Law,1.0,1.0,0.0,28,28,1.0,65.64285714285714,100.0,225.0,0.4444444444444444,6.381407305493129,7.223670016380786,0.07142857142857142,15,15,-0.0,0.0,0.0,0.0,1.0,0.036585365853658534,0.036585365853658534,0.0,82.0,0.0,0.0,0.0,0.0,0.075,0.0125,0.0625,80.0,0.05555555555555555,0.018518518518518517,0.037037037037037035,108.0,0.0,0.0,3.0,0.0,0.0,0.0,1.0,0.0,1.0,1.5,1.0,0.0,1.0,1.0,1.0,1.0,1.0,1.0,1.0,1.0,0.0,3.0,1.0,1.0,0.0
pilot_task43_User10_seed0,User10,Law,1.0,1.0,1.0,34,34,1.0,54.911764705882355,49.0,154.0,0.3181818181818182,5.035247459448972,6.843295815230123,0.0,15,14,0.9087417059624605,0.0,0.06666666666666667,0.0,0.8,0.09230769230769231,0.038461538461538464,0.05384615384615385,130.0,0.0,0.0,0.0,0.0,0.06666666666666667,0.0380952380952381,0.028571428571428567,105.0,0.04424778761061947,0.017699115044247787,0.02654867256637168,113.0,0.0,0.0,3.0,0.0,0.0,0.0,0.0,0.0,1.0,0.5,0.0,0.0,1.0,0.0,1.0,1.5,1.0,0.0,1.0,0.0,0.0,1.0,0.5,0.0,0.0
pilot_task43_User10_seed1,User10,Law,1.0,1.0,1.0,30,30,1.0,36.46666666666667,2.0,2.0,1.0,1.0,6.829531183149636,0.0,15,13,0.557438185027989,0.0,0.0,0.0,0.8666666666666667,0.08461538461538462,0.0,0.08461538461538462,130.0,0.0,0.0,0.0,0.0,0.08571428571428572,0.0,0.08571428571428572,105.0,0.035398230088495575,0.0,0.035398230088495575,113.0,1.0,0.0,1.0,1.5,1.0,0.0,0.0,0.0,1.0,0.5,0.0,0.0,0.0,0.0,1.0,0.5,0.0,0.0,1.0,0.0,0.0,1.0,0.5,0.0,0.0
pilot_task43_User11_seed0,User11,Law,0.0,1.0,1.0,26,26,1.0,38.92307692307692,28.0,60.0,0.4666666666666667,4.333496795710052,6.484730712681039,0.0,15,14,1.0643837982708073,0.0,0.0,0.0,0.7333333333333333,0.05102040816326531,0.05102040816326531,0.0,98.0,0.06666666666666667,0.022222222222222223,0.04444444444444444,45.0,0.02857142857142857,0.014285714285714285,0.014285714285714285,210.0,0.0,0.0,0.0,0.0,0.0,0.0,1.0,0.5,0.0,0.0,0.0,0.0,1.0,0.5,0.0,0.0,0.0,0.0,1.0,0.5,0.0,0.0,1.0,0.0,0.0,1.0,0.5,0.0,0.0
pilot_task43_User11_seed1,User11,Law,1.0,1.0,1.0,30,30,1.0,27.1,11.0,14.0,0.7857142857142857,3.3787834934861753,6.876182800981416,0.0,15,15,0.9087417059624605,0.0,0.0,0.0,0.8,0.10204081632653061,0.04081632653061224,0.06122448979591837,98.0,0.044444444444444446,0.022222222222222223,0.022222222222222223,45.0,0.04285714285714286,0.004761904761904762,0.0380952380952381,210.0,0.0,0.0,0.0,0.0,0.0,0.0,1.0,0.5,0.0,0.0,0.0,0.0,1.0,0.5,0.0,0.0,0.0,0.0,2.0,0.0,0.0,0.0,1.0,0.0,0.0,1.0,0.5,0.0,0.0
pilot_task43_User18_seed0,User18,Law,1.0,1.0,1.0,29,29,1.0,30.79310344827586,11.0,13.0,0.8461538461538461,3.3927474104487847,6.9048856980758,0.0,15,14,1.0643837982708073,0.0,0.0,0.0,0.7333333333333333,0.08411214953271028,0.028037383177570093,0.05607476635514018,107.0,0.0,0.0,0.0,0.0,0.0673076923076923,0.009615384615384616,0.05769230769230769,104.0,0.04201680672268908,0.0,0.04201680672268908,119.0,1.0,0.0,1.0,1.5,1.0,0.0,0.0,0.0,1.0,0.5,0.0,0.0,0.0,0.0,1.0,0.5,0.0,0.0,1.0,0.0,0.0,1.0,0.5,0.0,0.0
pilot_task43_User18_seed1,User18,Law,0.0,1.0,1.0,12,12,1.0,58.75,28.0,61.0,0.45901639344262296,4.518623149244564,6.624766314214489,0.0,13,12,0.9923969640983727,0.0,0.07692307692307693,0.0,0.7692307692307693,0.07476635514018691,0.056074766355140186,0.018691588785046724,107.0,0.0,0.0,0.0,0.0,0.057692307692307696,0.019230769230769232,0.038461538461538464,104.0,0.03361344537815126,0.01680672268907563,0.01680672268907563,119.0,0.0,0.0,1.0,0.5,0.0,0.0,0.0,0.0,2.0,0.0,0.0,0.0,0.0,0.0,0.0,0.5,0.0,0.0,0.0,1.0,0.0,1.0,1.5,1.0,0.0
pilot_task47_User12_seed0,User12,Parenting,0.0,1.0,1.0,19,19,1.0,63.68421052631579,60.0,130.0,0.46153846153846156,5.411963248168451,6.789429561025607,0.0,15,11,1.3955131214279661,0.0,0.3333333333333333,0.0,0.5333333333333333,0.12280701754385964,0.06140350877192982,0.06140350877192982,114.0,0.06,0.02,0.039999999999999994,50.0,0.07174887892376682,0.02242152466367713,0.04932735426008969,223.0,0.0,0.0,0.0,0.0,1.0,0.0,1.0,1.5,1.0,0.0,1.0,0.0,1.0,1.5,1.0,0.0,0.0,0.0,1.0,0.5,0.0,0.0,0.0,0.0,0.0,2.0,0.0,0.0,0.0
pilot_task47_User12_seed1,User12,Parenting,1.0,1.0,1.0,40,40,1.0,70.05,118.0,359.0,0.3286908077994429,6.277796983231987,6.778691729782522,0.0,15,13,1.0933098981613303,0.0,0.13333333333333333,0.0,0.7333333333333333,0.14912280701754385,0.08771929824561403,0.06140350877192982,114.0,0.04,0.04,0.0,50.0,0.07623318385650224,0.04932735426008968,0.026905829596412557,223.0,0.0,0.0,0.0,0.0,0.0,0.0,2.0,0.0,0.0,0.0,0.0,0.0,1.0,0.5,0.0,0.0,2.0,0.0,3.0,2.0,1.0,0.0,1.0,0.0,0.0,1.0,0.5,0.0,0.0
pilot_task47_User16_seed0,User16,Parenting,1.0,1.0,1.0,34,34,1.0,67.8529411764706,104.0,281.0,0.3701067615658363,6.273840221038258,5.195295934496217,0.0,15,12,2.0101846392480462,0.13333333333333333,0.2,0.0,0.4666666666666667,0.0761904761904762,0.0761904761904762,0.0,105.0,0.0,0.0,0.0,0.0,0.0425531914893617,0.05319148936170213,-0.010638297872340427,94.0,0.05,0.02857142857142857,0.021428571428571432,140.0,1.0,0.0,1.0,1.5,1.0,0.0,1.0,0.0,1.0,1.5,1.0,0.0,1.0,0.0,1.0,1.5,1.0,0.0,1.0,1.0,0.0,1.0,1.5,1.0,0.0
pilot_task47_User16_seed1,User16,Parenting,1.0,1.0,1.0,17,17,1.0,77.76470588235294,69.0,158.0,0.43670886075949367,5.686268266153542,7.119509428678757,0.0,15,11,1.4889207183584163,0.06666666666666667,0.26666666666666666,0.0,0.6,0.13333333333333333,0.05714285714285714,0.0761904761904762,105.0,0.0,0.0,0.0,0.0,0.11702127659574468,0.031914893617021274,0.08510638297872342,94.0,0.10714285714285714,0.007142857142857143,0.09999999999999999,140.0,1.0,0.0,3.0,1.0,1.0,0.0,0.0,0.0,1.0,0.5,0.0,0.0,1.0,0.0,3.0,1.0,1.0,0.0,1.0,1.0,0.0,3.0,1.0,1.0,0.0
pilot_task47_User17_seed0,User17,Parenting,0.0,0.0,0.0,29,29,1.0,82.41379310344827,105.0,278.0,0.3776978417266187,6.106123906991148,6.9743883100161845,0.06896551724137931,15,12,1.5666152668473536,0.0,0.3333333333333333,0.0,0.4,0.08108108108108109,0.08108108108108109,0.0,74.0,0.0,0.0,0.0,0.0,0.07446808510638298,0.0425531914893617,0.031914893617021274,94.0,0.13761467889908258,0.045871559633027525,0.09174311926605505,109.0,0.0,0.0,1.0,0.5,0.0,0.0,0.0,0.0,1.0,0.5,0.0,0.0,0.0,0.0,1.0,0.5,0.0,0.0,0.0,1.0,1.0,2.0,0.5,1.0,1.0
pilot_task47_User17_seed1,User17,Parenting,0.0,1.0,0.0,23,23,1.0,85.82608695652173,88.0,236.0,0.3728813559322034,6.010553987386098,6.950509354675507,0.0,15,8,1.3709505944546687,0.0,0.2,0.0,0.6,0.08108108108108109,0.05405405405405406,0.02702702702702703,74.0,0.0,0.0,0.0,0.0,0.0851063829787234,0.06382978723404255,0.021276595744680854,94.0,0.14678899082568808,0.09174311926605505,0.05504587155963303,109.0,1.0,0.0,1.0,1.5,1.0,0.0,0.0,0.0,3.0,0.0,0.0,0.0,0.0,0.0,1.0,0.5,0.0,0.0,1.0,0.0,0.0,1.0,0.5,0.0,0.0
pilot_task48_User10_seed0,User10,Parenting,1.0,1.0,1.0,24,24,1.0,72.04166666666667,105.0,226.0,0.4646017699115044,6.3161929450806,6.748016060455066,0.125,15,12,1.557764205529767,0.13333333333333333,0.2,0.0,0.6,0.17692307692307693,0.1076923076923077,0.06923076923076923,130.0,0.0,0.0,0.0,0.0,0.08571428571428572,0.0380952380952381,0.047619047619047616,105.0,0.02654867256637168,0.02654867256637168,0.0,113.0,1.0,0.0,1.0,1.5,1.0,0.0,1.0,0.0,1.0,1.5,1.0,0.0,1.0,1.0,1.0,1.0,1.0,1.0,1.0,1.0,0.0,1.0,1.5,1.0,0.0
pilot_task48_User10_seed1,User10,Parenting,1.0,1.0,1.0,14,14,1.0,69.71428571428571,76.0,121.0,0.628099173553719,5.882308047170778,6.506645758039956,0.0,15,14,1.744577816604865,0.13333333333333333,0.13333333333333333,0.0,0.6,0.16153846153846155,0.08461538461538462,0.07692307692307693,130.0,0.0,0.0,0.0,0.0,0.047619047619047616,0.02857142857142857,0.019047619047619046,105.0,0.035398230088495575,0.017699115044247787,0.017699115044247787,113.0,0.0,0.0,1.0,0.5,0.0,0.0,0.0,0.0,1.0,0.5,0.0,0.0,1.0,0.0,1.0,1.5,1.0,0.0,1.0,1.0,0.0,1.0,1.5,1.0,0.0
pilot_task48_User12_seed0,User12,Parenting,1.0,1.0,0.0,28,28,1.0,62.607142857142854,95.0,227.0,0.4185022026431718,6.128799811139156,6.278298493753576,0.0,15,14,1.8695858774323502,0.06666666666666667,0.2,0.0,0.5333333333333333,0.10526315789473684,0.05263157894736842,0.05263157894736842,114.0,0.04,0.04,0.0,50.0,0.04484304932735426,0.02242152466367713,0.02242152466367713,223.0,0.0,0.0,0.0,0.0,1.0,0.0,1.0,1.5,1.0,0.0,1.0,0.0,1.0,1.5,1.0,0.0,0.0,1.0,1.0,0.0,0.0,1.0,1.0,0.0,0.0,1.0,0.5,0.0,0.0
pilot_task48_User12_seed1,User12,Parenting,0.0,1.0,1.0,16,16,1.0,65.1875,59.0,140.0,0.42142857142857143,5.4207791572444055,6.825309670715984,0.0625,15,11,0.9087417059624605,0.13333333333333333,0.06666666666666667,0.0,0.8,0.09649122807017543,0.02631578947368421,0.07017543859649122,114.0,0.08,0.06,0.020000000000000004,50.0,0.07623318385650224,0.013452914798206279,0.06278026905829596,223.0,0.0,0.0,0.0,0.0,1.0,0.0,1.0,1.5,1.0,0.0,0.0,0.0,1.0,0.5,0.0,0.0,0.0,0.0,1.0,0.5,0.0,0.0,0.0,1.0,0.0,1.0,1.5,1.0,0.0
pilot_task48_User13_seed0,User13,Parenting,0.0,1.0,1.0,17,17,1.0,74.17647058823529,90.0,171.0,0.5263157894736842,6.081726802395362,6.872957719719671,0.058823529411764705,15,14,1.5741704385962043,0.13333333333333333,0.06666666666666667,0.0,0.6666666666666666,0.21008403361344538,0.09243697478991597,0.11764705882352941,119.0,0.0,0.0,0.0,0.0,0.07758620689655173,0.0603448275862069,0.017241379310344827,116.0,0.0847457627118644,0.025423728813559324,0.05932203389830508,118.0,0.0,0.0,2.0,0.0,0.0,0.0,0.0,0.0,2.0,0.0,0.0,0.0,0.0,0.0,1.0,0.5,0.0,0.0,1.0,0.0,0.0,1.0,0.5,0.0,0.0
pilot_task48_User13_seed1,User13,Parenting,0.0,1.0,1.0,30,30,1.0,63.833333333333336,119.0,242.0,0.49173553719008267,6.577137735622748,6.85340624583931,0.06666666666666667,15,11,1.3892064672347209,0.2,0.0,0.0,0.6666666666666666,0.18487394957983194,0.08403361344537816,0.10084033613445378,119.0,0.0,0.0,0.0,0.0,0.05172413793103448,0.05172413793103448,0.0,116.0,0.0847457627118644,0.01694915254237288,0.06779661016949153,118.0,0.0,0.0,1.0,0.5,0.0,0.0,0.0,0.0,2.0,0.0,0.0,0.0,0.0,0.0,1.0,0.5,0.0,0.0,1.0,0.0,0.0,1.0,0.5,0.0,0.0
pilot_task4_User19_seed0,User19,Education,1.0,1.0,1.0,36,36,1.0,50.69444444444444,77.0,253.0,0.30434782608695654,5.4427502905279574,7.30210418781791,0.0,15,11,0.9149263727797274,0.0,0.6666666666666666,0.0,0.3333333333333333,0.18548387096774194,0.06451612903225806,0.12096774193548387,124.0,0.0,0.0,0.0,0.0,0.17475728155339806,0.05825242718446602,0.11650485436893204,103.0,0.12307692307692308,0.023076923076923078,0.1,130.0,0.0,0.0,1.0,0.5,0.0,0.0,0.0,0.0,1.0,0.5,0.0,0.0,1.0,0.0,1.0,1.5,1.0,0.0,1.0,1.0,0.0,1.0,1.5,1.0,0.0
pilot_task4_User19_seed1,User19,Education,1.0,1.0,1.0,32,32,1.0,54.5625,68.0,237.0,0.2869198312236287,5.42431638259561,7.419794382372482,0.0,15,11,1.557764205529767,0.06666666666666667,0.6,0.0,0.2,0.21774193548387097,0.06451612903225806,0.1532258064516129,124.0,0.0,0.0,0.0,0.0,0.17475728155339806,0.02912621359223301,0.14563106796116504,103.0,0.09230769230769231,0.015384615384615385,0.07692307692307693,130.0,0.0,0.0,1.0,0.5,0.0,0.0,1.0,0.0,1.0,1.5,1.0,0.0,1.0,0.0,1.0,1.5,1.0,0.0,1.0,0.0,0.0,1.0,0.5,0.0,0.0
pilot_task4_User21_seed0,User21,Education,1.0,1.0,1.0,41,41,1.0,67.0,91.0,353.0,0.2577903682719547,5.790412372476021,7.3726717210590085,0.04878048780487805,15,11,1.557764205529767,0.13333333333333333,0.6,0.0,0.2,0.18478260869565216,0.05434782608695652,0.13043478260869565,92.0,0.0,0.0,0.0,0.0,0.10256410256410256,0.042735042735042736,0.059829059829059825,117.0,0.11290322580645161,0.024193548387096774,0.08870967741935484,124.0,0.0,0.0,1.0,0.5,0.0,0.0,0.0,0.0,2.0,0.0,0.0,0.0,0.0,0.0,2.0,0.0,0.0,0.0,1.0,0.0,0.0,1.0,0.5,0.0,0.0
pilot_task4_User21_seed1,User21,Education,1.0,0.0,1.0,31,31,1.0,57.645161290322584,96.0,266.0,0.3609022556390977,5.682629647629506,7.29253944187917,0.06451612903225806,15,10,1.4233710281729481,0.13333333333333333,0.4666666666666667,0.0,0.4,0.10869565217391304,0.06521739130434782,0.043478260869565216,92.0,0.0,0.0,0.0,0.0,0.10256410256410256,0.02564102564102564,0.07692307692307693,117.0,0.14516129032258066,0.03225806451612903,0.11290322580645162,124.0,0.0,0.0,1.0,0.5,0.0,0.0,1.0,0.0,2.0,1.0,1.0,0.0,0.0,0.0,1.0,0.5,0.0,0.0,1.0,0.0,0.0,2.0,0.0,0.0,0.0
pilot_task4_User9_seed0,User9,Education,1.0,1.0,1.0,41,41,1.0,54.36585365853659,86.0,290.0,0.296551724137931,5.945156602286247,7.339075731271699,0.0,15,15,1.8415269745251848,0.0,0.4666666666666667,0.0,0.3333333333333333,0.25,0.09210526315789473,0.15789473684210525,76.0,0.0,0.0,0.0,0.0,0.037037037037037035,0.024691358024691357,0.012345679012345678,81.0,0.08823529411764706,0.0196078431372549,0.06862745098039216,102.0,0.0,0.0,3.0,0.0,0.0,0.0,0.0,0.0,1.0,0.5,0.0,0.0,0.0,0.0,1.0,0.5,0.0,0.0,0.0,0.0,0.0,1.0,0.5,0.0,0.0
pilot_task4_User9_seed1,User9,Education,1.0,1.0,1.0,29,29,1.0,41.827586206896555,56.0,153.0,0.3660130718954248,5.1947450372414945,7.247501117137407,0.0,15,13,1.4598531042946201,0.0,0.26666666666666666,0.0,0.5333333333333333,0.25,0.039473684210526314,0.21052631578947367,76.0,0.0,0.0,0.0,0.0,0.08641975308641975,0.012345679012345678,0.07407407407407407,81.0,0.11764705882352941,0.00980392156862745,0.10784313725490197,102.0,0.0,0.0,2.0,0.0,0.0,0.0,0.0,0.0,1.0,0.5,0.0,0.0,0.0,0.0,1.0,0.5,0.0,0.0,1.0,0.0,0.0,2.0,0.0,0.0,0.0
pilot_task7_User10_seed0,User10,Career,0.0,0.0,1.0,17,17,1.0,75.0,99.0,162.0,0.6111111111111112,6.324771434914157,7.378752072622468,0.0,15,14,0.9087417059624605,0.13333333333333333,0.0,0.0,0.8,0.1,0.038461538461538464,0.06153846153846154,130.0,0.0,0.0,0.0,0.0,0.12380952380952381,0.02857142857142857,0.09523809523809525,105.0,0.17699115044247787,0.017699115044247787,0.1592920353982301,113.0,0.0,0.0,2.0,0.0,0.0,0.0,1.0,0.0,1.0,1.5,1.0,0.0,1.0,0.0,3.0,1.0,1.0,0.0,0.0,1.0,0.0,1.0,1.5,1.0,0.0
pilot_task7_User10_seed1,User10,Career,0.0,0.0,0.0,34,34,1.0,61.88235294117647,119.0,261.0,0.4559386973180077,6.481915717856237,7.482888771638583,0.058823529411764705,15,14,1.7245292828275067,0.06666666666666667,0.06666666666666667,0.0,0.6666666666666666,0.13076923076923078,0.046153846153846156,0.08461538461538462,130.0,0.0,0.0,0.0,0.0,0.12380952380952381,0.0380952380952381,0.08571428571428572,105.0,0.1504424778761062,0.02654867256637168,0.12389380530973453,113.0,0.0,0.0,3.0,0.0,0.0,0.0,1.0,0.0,2.0,1.0,1.0,0.0,0.0,0.0,1.0,0.5,0.0,0.0,0.0,1.0,0.0,1.0,1.5,1.0,0.0
pilot_task7_User18_seed0,User18,Career,0.0,1.0,1.0,34,34,1.0,65.6470588235294,108.0,267.0,0.4044943820224719,6.210260882956765,7.449611149686269,0.058823529411764705,15,11,0.557438185027989,0.13333333333333333,0.0,0.0,0.8666666666666667,0.06542056074766354,0.04672897196261682,0.018691588785046724,107.0,0.0,0.0,0.0,0.0,0.0673076923076923,0.019230769230769232,0.04807692307692307,104.0,0.09243697478991597,0.025210084033613446,0.06722689075630253,119.0,0.0,0.0,3.0,0.0,0.0,0.0,0.0,0.0,1.0,0.5,0.0,0.0,0.0,0.0,2.0,0.0,0.0,0.0,0.0,1.0,0.0,2.0,1.0,1.0,0.0
pilot_task7_User18_seed1,User18,Career,0.0,1.0,1.0,34,34,1.0,59.6764705882353,146.0,257.0,0.5680933852140078,6.791638763219135,7.457719070265682,0.17647058823529413,15,12,2.1969982503231447,0.13333333333333333,0.13333333333333333,0.13333333333333333,0.4666666666666667,0.056074766355140186,0.018691588785046728,0.03738317757009346,107.0,0.0,0.0,0.0,0.0,0.08653846153846154,0.038461538461538464,0.04807692307692307,104.0,0.07563025210084033,0.025210084033613446,0.050420168067226885,119.0,0.0,0.0,1.0,0.5,0.0,0.0,0.0,0.0,1.0,0.5,0.0,0.0,1.0,0.0,2.0,1.0,1.0,0.0,0.0,1.0,0.0,2.0,1.0,1.0,0.0
pilot_task7_User19_seed0,User19,Career,0.0,0.0,0.0,27,27,1.0,69.48148148148148,124.0,229.0,0.5414847161572053,6.546258838980526,7.004583898626156,0.037037037037037035,15,14,1.2511974093459055,0.06666666666666667,0.0,0.0,0.7333333333333333,0.08064516129032258,0.04838709677419355,0.03225806451612903,124.0,0.0,0.0,0.0,0.0,0.06796116504854369,0.0,0.06796116504854369,103.0,0.08461538461538462,0.03076923076923077,0.05384615384615385,130.0,0.0,0.0,1.0,0.5,0.0,0.0,1.0,0.0,1.0,1.5,1.0,0.0,1.0,0.0,1.0,1.5,1.0,0.0,0.0,0.0,0.0,2.0,0.0,0.0,0.0
pilot_task7_User19_seed1,User19,Career,0.0,0.0,0.0,32,32,1.0,66.9375,130.0,264.0,0.49242424242424243,6.548785395871208,7.206309440597615,0.0,15,14,0.7219280948873623,0.0,0.2,0.0,0.8,0.08870967741935484,0.04838709677419355,0.040322580645161296,124.0,0.0,0.0,0.0,0.0,0.06796116504854369,0.009708737864077669,0.05825242718446602,103.0,0.08461538461538462,0.03076923076923077,0.05384615384615385,130.0,1.0,0.0,1.0,1.5,1.0,0.0,1.0,0.0,1.0,1.5,1.0,0.0,0.0,0.0,1.0,0.5,0.0,0.0,0.0,0.0,0.0,1.0,0.5,0.0,0.0
pilot_task9_User18_seed0,User18,Career,1.0,1.0,1.0,36,36,1.0,46.80555555555556,77.0,173.0,0.44508670520231214,5.752321801104685,6.923187283696396,0.027777777777777776,15,14,1.4061012786344267,0.06666666666666667,0.06666666666666667,0.0,0.7333333333333333,0.16822429906542055,0.09345794392523364,0.07476635514018691,107.0,0.0,0.0,0.0,0.0,0.15384615384615385,0.028846153846153848,0.125,104.0,0.03361344537815126,0.008403361344537815,0.025210084033613446,119.0,0.0,0.0,2.0,0.0,0.0,0.0,0.0,0.0,2.0,0.0,0.0,0.0,0.0,0.0,1.0,0.5,0.0,0.0,1.0,0.0,0.0,2.0,0.0,0.0,0.0
pilot_task9_User18_seed1,User18,Career,1.0,1.0,1.0,25,25,1.0,60.92,86.0,166.0,0.5180722891566265,6.00397270005886,6.451601506773065,0.2,15,11,1.5741704385962043,0.0,0.0,0.06666666666666667,0.6666666666666666,0.14018691588785046,0.07476635514018691,0.06542056074766354,107.0,0.0,0.0,0.0,0.0,0.09615384615384616,0.057692307692307696,0.038461538461538464,104.0,0.025210084033613446,0.008403361344537815,0.016806722689075633,119.0,0.0,0.0,1.0,0.5,0.0,0.0,0.0,0.0,1.0,0.5,0.0,0.0,1.0,0.0,1.0,1.5,1.0,0.0,1.0,0.0,0.0,1.0,0.5,0.0,0.0
pilot_task9_User8_seed0,User8,Career,1.0,1.0,1.0,21,21,1.0,51.714285714285715,61.0,111.0,0.5495495495495496,5.326834937255586,6.848354982808388,0.0,15,13,1.744577816604865,0.13333333333333333,0.0,0.0,0.6,0.1650485436893204,0.04854368932038835,0.11650485436893204,103.0,0.0,0.0,0.0,0.0,0.11450381679389313,0.030534351145038167,0.08396946564885496,131.0,0.11450381679389313,0.030534351145038167,0.08396946564885496,131.0,0.0,0.0,1.0,0.5,0.0,0.0,1.0,0.0,2.0,1.0,1.0,0.0,0.0,0.0,1.0,0.5,0.0,0.0,1.0,0.0,0.0,1.0,0.5,0.0,0.0
pilot_task9_User8_seed1,User8,Career,1.0,1.0,1.0,21,21,1.0,54.76190476190476,73.0,115.0,0.6347826086956522,5.925936955623902,7.00353948904036,0.0,15,13,1.5741704385962043,0.13333333333333333,0.0,0.0,0.6666666666666666,0.1553398058252427,0.07766990291262135,0.07766990291262135,103.0,0.0,0.0,0.0,0.0,0.1297709923664122,0.05343511450381679,0.07633587786259541,131.0,0.11450381679389313,0.03816793893129771,0.07633587786259541,131.0,0.0,0.0,2.0,0.0,0.0,0.0,2.0,0.0,2.0,2.0,1.0,0.0,1.0,0.0,1.0,1.5,1.0,0.0,1.0,0.0,0.0,3.0,0.0,0.0,0.0
pilot_task9_User9_seed0,User9,Career,0.0,1.0,1.0,20,20,1.0,61.35,71.0,148.0,0.4797297297297297,5.849052521281278,6.8292672417415625,0.0,15,11,1.3892064672347209,0.0,0.0,0.0,0.6666666666666666,0.21052631578947367,0.06578947368421052,0.14473684210526316,76.0,0.0,0.0,0.0,0.0,0.06172839506172839,0.012345679012345678,0.04938271604938271,81.0,0.0392156862745098,0.029411764705882353,0.00980392156862745,102.0,0.0,0.0,1.0,0.5,0.0,0.0,0.0,0.0,2.0,0.0,0.0,0.0,1.0,0.0,1.0,1.5,1.0,0.0,0.0,1.0,0.0,1.0,1.5,1.0,0.0
pilot_task9_User9_seed1,User9,Career,0.0,1.0,0.0,22,22,1.0,58.90909090909091,75.0,143.0,0.5244755244755245,5.760074201467727,7.20051098686598,0.0,15,14,1.4209472609073008,0.13333333333333333,0.0,0.0,0.6666666666666666,0.25,0.07894736842105263,0.17105263157894737,76.0,0.0,0.0,0.0,0.0,0.08641975308641975,0.012345679012345678,0.07407407407407407,81.0,0.0784313725490196,0.00980392156862745,0.06862745098039216,102.0,0.0,0.0,3.0,0.0,0.0,0.0,1.0,0.0,1.0,1.5,1.0,0.0,0.0,0.0,3.0,0.0,0.0,0.0,0.0,0.0,0.0,1.0,0.5,0.0,0.0
